<?xml version="1.0" encoding="UTF-8"?>
<faces-config version="2.0" xmlns="http://java.sun.com/xml/ns/javaee"
 xmlns:xi="http://www.w3.org/2001/XInclude"
 xmlns:xsi="http://www.w3.org/2001/XMLSchema-instance" xsi:schemaLocation="http://java.sun.com/xml/ns/javaee http://java.sun.com/xml/ns/javaee/web-facesconfig_2_0.xsd">
 <managed-bean>
  <managed-bean-name>createEvent</managed-bean-name>
  <managed-bean-class>events.CreateEvent</managed-bean-class>
  <managed-bean-scope>application</managed-bean-scope>
 </managed-bean>
 <managed-bean>
  <managed-bean-name>Calendar</managed-bean-name>
  <managed-bean-class>calendar.Calendar</managed-bean-class>
  <managed-bean-scope>application</managed-bean-scope>
 </managed-bean>
 <navigation-rule>
  <display-name>create-event.xhtml</display-name>
  <from-view-id>/create-event.xhtml</from-view-id>
  <navigation-case>
   <from-outcome>true</from-outcome>
   <to-view-id>/create-event-success.xhtml</to-view-id>
  </navigation-case>
  <navigation-case>
   <from-outcome>false</from-outcome>
   <to-view-id>/create-event-failure.xhtml</to-view-id>
  </navigation-case>
 </navigation-rule>
</faces-config>
